201-201,551
203-203,475
204-204,431
205-205,659
208-208,986
210-210,726
212-212,332,646,917
214-214,469,972
215-215,267,445
217-217,447
220-220,740
223-717,223
224-224,847
226-226,519,548
227-227,240,301
234-234,330
236-236,604,778,250
240-227,240,301
248-248,947
249-249,705
250-236,250,778
256-256,938
267-215,267,445
270-270,364
272-272,570
274-274,920
279-916,279
281-281,346,713,832
283-283,513
289-289,365,905
301-240,227,301
303-303,720
304-304,681
305-305,786
306-306,639
310-310,424
312-312,872
313-313,679
314-314,557
315-315,680
317-317,463
327-327,870
330-234,330
331-331,630
332-212,332,646,917
336-336,743
339-339,781
343-343,613
346-281,346,713,832
347-347,718,917,929
351-351,978
360-360,564
364-270,364
365-289,365,905
367-418,581,367
380-380,614
385-385,801
402-402,531
403-403,587,780
404-404,470,678
407-407,689
408-408,669
410-410,443,667
412-412,878
415-415,628
416-416,437,647
418-418,581,367
419-419,567
424-310,424
430-430,903
431-204,431
437-416,437,647
438-438,514
442-442,760
443-410,443,667
445-215,267,445
447-217,447
450-450,579
458-458,541
463-317,463
464-464,708
469-214,469,972
470-404,470,678,770
475-203,475
484-484,610
500-500,533,544,566,577,588
503-503,971
508-508,774
512-512,737
513-283,513
514-438,514
518-518,838
519-226,519,548
522-500,533,544,566,577,588,522
531-402,531
533-500,533,544,566,577,588
534-534,715
539-539,918
541-458,541
544-500,533,544,566,577,588
548-226,519,548
551-201,551
557-314,557
564-360,564
566-500,533,544,566,577,588
567-419,567
570-272,570
571-571,703
577-500,533,544,566,577,588
579-450,579
581-418,581,367
587-403,587,780
588-500,533,544,566,577,588
601-601,769
604-604,778
609-609,640
610-484,610
613-343,613
614-614,380
615-615,629
617-617,857
618-618,730
628-415,628
629-615,629
630-331,630
631-631,934
639-306,639
640-609,640
646-212,332,646,917
647-416,437,647
657-657,714
659-205,659
667-410,443,667
669-408,669
678-404,470,678,770
679-313,679
680-315,680
681-304,681
682-682,817
689-407,689
702-702,725
703-571,703
704-704,980
705-249,705
706-706,762
708-464,708
709-709,879
713-281,346,713,832
714-657,714
715-534,715
717-717,223
718-347,718,917,929
720-303,720
724-724,878
725-702,725
726-210,726
730-618,730
732-732,848
734-679,734
737-512,737
740-740,220
743-336,743
747-747,818
754-754,954
760-442,760
762-706,762
769-601,769
770-470,678,770
773-773,872
774-508,774
778-236,604,250,778
779-779,815
780-403,587,780
781-339,781
782-782,902
786-305,786
787-787,939
800-800,888,877,866,855,844,833
801-385,801
809-809,829,849
812-812,930
815-815,779
816-816,975
817-682,817
818-747,818
819-819,873
825-403,587,780,825
829-809,829,849
832-281,346,713,832
833-800,888,877,866,855,844,833
838-518,838
843-843,854
844-800,888,877,866,855,844,833
847-224,847
848-732,848
849-809,829,849
854-843,854
855-800,888,877,866,855,844,833
857-617,857
860-860,959
862-862,973
866-800,888,877,866,855,844,833
870-327,870
872-312,773,872
873-819,873
877-800,888,877,866,855,844,833
878-412,724,878
879-709,879
888-800,888,877,866,855,844,833
902-782,902
903-430,903
905-289,365,905
916-916,279
917-212,332,646,917
918-539,918
919-919,984
920-274,920
929-347,718,917,929
930-812,930
934-631,934
938-256,938
939-787,939
947-248,947
954-954,754
959-860,959
971-503,971
972-214,469,972
973-862,973
975-816,975
978-351,978
980-704,980
984-919,984
986-208,986